contenthash,filename
4acacd432380dac830f14ad9c4f944f96a635d9c,SEABIRD MARINE.pdf
6b978ed6d2690d2cbd63e4a7b4be6750ebc2d778,50002434 wo 1.pdf
6bd0365279e2a9da727c442d7d68388cc11234fa,IAP Pr..pdf
4a7dad17ed03e2662234558fcee86d62359fb5f9,2277.pdf
6be98c393de8c258c4fe353e437292e1f26f3fb3,combined.pdf
6bcc89caf70b687c609ae53da90055a7d142f72c,combined.pdf
4afd57c49e2e76e103868192cf882f13d84bc205,combined.pdf
6be972cca9c57c53fbc512954cdd32b327c865a7,combined.pdf
6be871190bd9d4d426659c5ef3bd1434f055e5d3,combined.pdf
4aca9e6dd228c2a54967581e051aab7822228ec5,combined.pdf
6bd4960207f43788ce0c8959d77f5386a7395245,combined.pdf
4a863683a08cf0d3b9679055d6c010dee6308ece,combined.pdf
4a9c721bcec04273592133c152ada0f670e15676,combined.pdf
4aa39f5a90b3f11ff3a82e966010b1e6e5338331,combined.pdf
6ba316d905dfc3aadfb1a161a3299beabba6f8b1,combined.pdf
6ba3cda48b4222ae474ed19a2a9890c80a36c384,combined.pdf
4ab6c52661c41ee76dfa42e97a8a350ab7e0b938,50002231.pdf
6bce377c0143f717f2f69dd9e7f87cd9d29ec31b,50002231-2.pdf
6bf133777a0e5c3eab75b76a599867c5c4611ce7,ECPC TRANSMISSION .pdf
4ab568be3222252f96df7dd303ba06d9742db401,combined.pdf
6bbe8fcb7e9b7c79fee31d19071e17ddff1b63aa,combined.pdf
6bc99aa4e6510fdb9cecd6448f3265315e0b0bca,dia test 2043-2.pdf
4aa9fd75f7decb97f4dac120596335e01267b60d,combined.pdf
6b8fb71be11857209d8f50042d7fa584620e4a82,combined.pdf
6be49b3c3794088c0f72c97fd62526db43ed5d6b,combined.pdf
6bdc0f573b7627098a4f1668aaa1823567b3cd17,combined.pdf
6bccd2226fec1504281f30a2a371f2a2ec68805a,combined.pdf
4af0b3452d3a55922bd682b12168a65b01c09fde,combined.pdf
4aa92d9018f3407f5ddeec2b09febaaae94b1dfd,combined.pdf
6beb220c033eda4b925ef2eceea05b0f88343aad,50002049 (2).pdf
6ba0390a435be2cfafaa004e1c20ca8c397985b7,50002050-01.pdf
4ae72ac82be0be0ca8b7cf1f5a7c2f4ec31e8ada,skill2345.....pdf
6b9b947a34c4ac3c5b059f63cdab99abab0a0a3b,Engine Generator Set AMC CheckList_25-04-2022_220423-000149.pdf
4ad554e60df95df0cfc4bbfc09ad063ce6a38c42,50002437 Participant worksheet.pdf
4ad554e60df95df0cfc4bbfc09ad063ce6a38c42,50002437 Participant worksheet.pdf
4ad554e60df95df0cfc4bbfc09ad063ce6a38c42,50002437 Participant worksheet.pdf
4aed0ff3decbba99a6acdcf22e770f1865466c11,50002345 Skill definition.pdf
4aed0ff3decbba99a6acdcf22e770f1865466c11,50002345 Skill definition.pdf
4aed0ff3decbba99a6acdcf22e770f1865466c11,50002345 Skill definition.pdf
